cutoff_date,months_ahead,predicted,actual,error,abs_error,pct_error
2020-09-01,1,7.668912712559983,6.769999980926514,0.8989127316334695,0.8989127316334695,13.277883813382937
2020-09-01,2,7.097825658339328,8.254999995231628,-1.1571743368923002,1.1571743368923002,14.017859934109314
2020-09-01,3,6.526738604118673,9.740000009536743,-3.21326140541807,3.21326140541807,32.990363473017084
2020-10-01,1,6.161458362327528,8.254999995231628,-2.093541632904101,2.093541632904101,25.360891994105415
2020-10-01,2,5.5529167308918135,9.740000009536743,-4.18708327864493,4.18708327864493,42.98853464625486
2020-10-01,3,4.9443750994561,11.225000023841858,-6.280624924385758,6.280624924385758,55.95211502045198
2020-11-01,1,7.730199871454923,9.740000009536743,-2.00980013808182,2.00980013808182,20.634498317391795
2020-11-01,2,7.205399777626573,11.225000023841858,-4.019600246215285,4.019600246215285,35.809356237662975
2020-11-01,3,6.680599683798222,12.710000038146973,-6.02940035434875,6.02940035434875,47.43824025375687
2020-12-01,1,9.292500021376982,11.225000023841858,-1.9325000024648755,1.9325000024648755,17.216035620135884
2020-12-01,2,8.845000062013714,12.710000038146973,-3.8649999761332587,3.8649999761332587,30.409126392864653
2020-12-01,3,8.397500102650447,16.920000076293945,-8.522499973643498,8.522499973643498,50.3693849598978
2021-01-01,1,10.849074129119867,12.710000038146973,-1.860925909027106,1.860925909027106,14.641431183649436
2021-01-01,2,10.473148262127832,16.920000076293945,-6.446851814166113,6.446851814166113,38.101960904826385
2021-01-01,3,10.097222395135798,24.700000762939453,-14.602778367803655,14.602778367803655,59.12055836740725
2021-02-01,1,12.400536859265555,16.920000076293945,-4.51946321702839,4.51946321702839,26.71077539391067
2021-02-01,2,12.091073707123723,24.700000762939453,-12.60892705581573,12.60892705581573,51.048286098575765
2021-02-01,3,11.781610554981889,23.0,-11.218389445018111,11.218389445018111,48.77560628268744
2021-03-01,1,16.76637938257535,24.700000762939453,-7.933621380364102,7.933621380364102,32.1199236247309
2021-03-01,2,16.612758753879778,23.0,-6.387241246120222,6.387241246120222,27.770614113566182
2021-03-01,3,16.4591381251842,29.350000381469727,-12.890862256285526,12.890862256285526,43.92116554936823
2021-04-01,1,29.50459001769584,23.0,6.50459001769584,6.50459001769584,28.280826163894957
2021-04-01,2,35.62216420817311,29.350000381469727,6.272163826703384,6.272163826703384,21.370234225493732
2021-04-01,3,41.739738398650374,25.799999237060547,15.939739161589827,15.939739161589827,61.781936561816266
2021-05-01,1,27.774823120702344,29.350000381469727,-1.5751772607673828,1.5751772607673828,5.366873050406769
2021-05-01,2,30.82054267262249,25.799999237060547,5.020543435561944,5.020543435561944,19.459471255914448
2021-05-01,3,33.86626222454264,26.01249933242798,7.853762892114659,7.853762892114659,30.19226561718319
2021-06-01,1,32.63306148338466,25.799999237060547,6.833062246324111,6.833062246324111,26.484738172041194
2021-06-01,2,36.41584910605546,26.01249933242798,10.403349773627482,10.403349773627482,39.993657051855635
2021-06-01,3,40.19863672872627,26.224999427795414,13.973637300930857,13.973637300930857,53.283651499799255
2021-07-01,1,28.57960432465355,26.01249933242798,2.5671049922255698,2.5671049922255698,9.868736407905788
2021-07-01,2,29.186985017519017,26.224999427795414,2.9619855897236036,2.9619855897236036,11.29451155138729
2021-07-01,3,29.794365710384486,26.43749952316285,3.3568661872216374,3.3568661872216374,12.697366421815214
2021-08-01,1,26.14889379453864,26.224999427795414,-0.07610563325677333,0.07610563325677333,0.2902026116961906
2021-08-01,2,26.285288257783364,26.43749952316285,-0.15221126537948493,0.15221126537948493,0.5757400212759423
2021-08-01,3,26.421682721028084,26.64999961853028,-0.22831689750219653,0.22831689750219653,0.856723830282696
2021-09-01,1,26.363571317734102,26.43749952316285,-0.07392820542874645,0.07392820542874645,0.2796338790057482
2021-09-01,2,26.50214320877441,26.64999961853028,-0.147856409755871,0.147856409755871,0.5548082997084303
2021-09-01,3,26.640715099814713,29.489999771118164,-2.849284671303451,2.849284671303451,9.661867390361852
2021-10-01,1,26.578124481452175,26.64999961853028,-0.07187513707810567,0.07187513707810567,0.2697003306076201
2021-10-01,2,26.718749440812523,29.489999771118164,-2.771250330305641,2.771250330305641,9.397254499200574
2021-10-01,3,26.859374400172875,21.940000534057617,4.919373866115258,4.919373866115258,22.42194050305003
2021-11-01,1,26.792566762388056,29.489999771118164,-2.6974330087301084,2.6974330087301084,9.146941436642237
2021-11-01,2,26.935133907287913,21.940000534057617,4.995133373230296,4.995133373230296,22.767243626436176
2021-11-01,3,27.07770105218777,21.43000030517578,5.647700747011989,5.647700747011989,26.354179498765358
2021-12-01,1,29.703552685773307,21.940000534057617,7.76355215171569,7.76355215171569,35.385378134628
2021-12-01,2,29.91710563956556,21.43000030517578,8.487105334389778,8.487105334389778,39.603850739749966
2021-12-01,3,30.130658593357815,24.18000030517578,5.950658288182034,5.950658288182034,24.60983545524721
2022-01-01,1,22.179961238426912,21.43000030517578,0.7499609332511312,0.7499609332511312,3.4995843330436185
2022-01-01,2,22.203631569928614,24.18000030517578,-1.976368735247167,1.976368735247167,8.173567867259791
2022-01-01,3,22.227301901430312,21.479999542236328,0.7473023591939842,0.7473023591939842,3.4790613366846515
2022-02-01,1,21.445875934741522,24.18000030517578,-2.734124370434259,2.734124370434259,11.307379387621488
2022-02-01,2,21.449812909334963,21.479999542236328,-0.030186632901365584,0.030186632901365584,0.140533675720101
2022-02-01,3,21.453749883928406,18.06999969482422,3.3837501891041875,3.3837501891041875,18.725789962649493
2022-03-01,1,24.187566447582423,21.479999542236328,2.707566905346095,2.707566905346095,12.605060349383063
2022-03-01,2,24.257316202425923,18.06999969482422,6.187316507601704,6.187316507601704,34.240822424440516
2022-03-01,3,24.32706595726942,14.65999984741211,9.66706610985731,9.66706610985731,65.94178861170869
2022-04-01,1,21.584873067178542,18.06999969482422,3.514873372354323,3.514873372354323,19.45143016997995
2022-04-01,2,21.593958661214998,14.65999984741211,6.933958813802889,6.933958813802889,47.29849171879031
2022-04-01,3,21.603044255251458,11.25,10.353044255251458,10.353044255251458,92.02706004667962
2022-05-01,1,18.05836673193891,14.65999984741211,3.3983668845268014,3.3983668845268014,23.181220463155093
2022-05-01,2,17.985009158121862,11.25,6.735009158121862,6.735009158121862,59.86674807219433
2022-05-01,3,17.911651584304813,7.840000152587891,10.071651431716923,10.071651431716923,128.46493923080334
2022-06-01,1,14.507386329356605,11.25,3.2573863293566045,3.2573863293566045,28.954545149836484
2022-06-01,2,14.35477276276226,7.840000152587891,6.514772610174369,6.514772610174369,83.09658779820201
2022-06-01,3,14.202159196167916,9.039999961853027,5.162159234314888,5.162159234314888,57.103531594006164
2022-07-01,1,11.025000045388017,7.840000152587891,3.1849998928001266,3.1849998928001266,40.62499784198086
2022-07-01,2,10.800000043315837,9.039999961853027,1.7600000814628096,1.7600000814628096,19.469027531965203
2022-07-01,3,10.575000041243658,7.099999904632568,3.47500013661109,3.47500013661109,48.943664553343744
2022-08-01,1,4.575826930791392,9.039999961853027,-4.464173031061636,4.464173031061636,49.382445242251585
2022-08-01,2,1.1712917536112535,7.099999904632568,-5.928708151021315,5.928708151021315,83.50293282613967
2022-08-01,3,-2.2332434235688847,7.860000133514404,-10.093243557083289,10.093243557083289,128.41276572053118
2022-09-01,1,8.777553673607748,7.099999904632568,1.67755376897518,1.67755376897518,23.627518190255454
2022-09-01,2,8.515107407154613,7.860000133514404,0.6551072736402084,0.6551072736402084,8.334697996338244
2022-09-01,3,8.252661140701477,9.1899995803833,-0.9373384396818238,0.9373384396818238,10.199548231565087
2022-10-01,1,6.802604846765341,7.860000133514404,-1.0573952867490632,1.0573952867490632,13.45286601510877
2022-10-01,2,6.505209764421393,9.1899995803833,-2.684789815961908,2.684789815961908,29.214253955928143
2022-10-01,3,6.207814682077444,9.082499742507935,-2.8746850604304903,2.8746850604304903,31.650813563763545
2022-11-01,1,7.584183743603141,9.1899995803833,-1.6058158367801596,1.6058158367801596,17.47351371166421
2022-11-01,2,7.3083673691267474,9.082499742507935,-1.7741323733811871,1.7741323733811871,19.533525171246513
2022-11-01,3,7.032550994650354,8.974999904632568,-1.9424489099822146,1.9424489099822146,21.642885020863268
2022-12-01,1,8.946299388057172,9.082499742507935,-0.13620035445076262,0.13620035445076262,1.4995910631664258
2022-12-01,2,8.702599219180994,8.974999904632568,-0.2724006854515739,0.2724006854515739,3.0351051626303707
2022-12-01,3,8.458899050304817,8.867500066757202,-0.4086010164523852,0.4086010164523852,4.607849037229367
2023-01-01,1,8.841470500138005,8.974999904632568,-0.1335294044945634,0.1335294044945634,1.4877928235480022
2023-01-01,2,8.600441259757817,8.867500066757202,-0.2670588069993851,0.2670588069993851,3.011658359051438
2023-01-01,3,8.359412019377631,8.760000228881836,-0.40058820950420504,0.40058820950420504,4.572924646548072
2023-02-01,1,8.736538398718602,8.867500066757202,-0.13096166803859965,0.13096166803859965,1.4768724787446394
2023-02-01,2,8.498076894756117,8.760000228881836,-0.26192333412571855,0.26192333412571855,2.9899923205727084
2023-02-01,3,8.259615390793634,5.78000020980835,2.4796151809852844,2.4796151809852844,42.899915068818004
2023-03-01,1,8.631509595147758,8.760000228881836,-0.12849063373407787,0.12849063373407787,1.4667880180007595
2023-03-01,2,8.395519125452973,5.78000020980835,2.615518915644623,2.615518915644623,45.251190669616726
2023-03-01,3,8.159528655758189,5.550000190734863,2.6095284650233257,2.6095284650233257,47.01852928545222
2023-04-01,1,8.526389499226575,5.78000020980835,2.746389289418225,2.746389289418225,47.51538390531111
2023-04-01,2,8.292778771450513,5.550000190734863,2.7427785807156493,2.7427785807156493,49.41943218838852
2023-04-01,3,8.05916804367445,4.949999809265137,3.1091682344093137,3.1091682344093137,62.811481903287024
2023-05-01,1,5.49645483084133,5.550000190734863,-0.05354535989353337,0.05354535989353337,0.9647812261866525
2023-05-01,2,5.212909411694007,4.949999809265137,0.26290960242886996,0.26290960242886996,5.311305304229917
2023-05-01,3,4.929363992546683,4.889999866485596,0.03936412606108686,0.03936412606108686,0.8049923749666182
2023-06-01,1,5.267411199460151,4.949999809265137,0.31741139019501396,0.31741139019501396,6.412351564153615
2023-06-01,2,4.984822208969075,4.889999866485596,0.09482234248347954,0.09482234248347954,1.939107261195645
2023-06-01,3,4.702233218477999,5.489999771118164,-0.7877665526401652,0.7877665526401652,14.349118132653738
2023-07-01,1,4.661842843966426,4.889999866485596,-0.22815702251917003,0.22815702251917003,4.665787908970735
2023-07-01,2,4.373685874020885,5.489999771118164,-1.116313897097279,1.116313897097279,20.33358731579539
2023-07-01,3,4.085528904075345,6.927499771118164,-2.8419708670428188,2.8419708670428188,41.02448157257893
2023-08-01,1,4.605776330799418,5.489999771118164,-0.8842234403187463,0.8842234403187463,16.10607426562158
2023-08-01,2,4.321552798454433,6.927499771118164,-2.605946972663731,2.605946972663731,37.61742416114301
2023-08-01,3,4.037329266109447,8.364999771118164,-4.327670505008717,4.327670505008717,51.735452760571086
2023-09-01,1,5.220762647484548,6.927499771118164,-1.7067371236336157,1.7067371236336157,24.637129989513262
2023-09-01,2,4.951525536803574,8.364999771118164,-3.41347423431459,3.41347423431459,40.8066267509091
2023-09-01,3,4.682288426122599,9.802499771118164,-5.120211344995565,5.120211344995565,52.23373082937095
2023-10-01,1,6.686711384363067,8.364999771118164,-1.6782883867550975,1.6782883867550975,20.06322095249451
2023-10-01,2,6.445923022616415,9.802499771118164,-3.356576748501749,3.356576748501749,34.24204873119693
2023-10-01,3,6.2051346608697635,11.239999771118164,-5.0348651102484006,5.0348651102484006,44.79417449087304
2023-11-01,1,8.151718208099645,9.802499771118164,-1.6507815630185192,1.6507815630185192,16.840414196002737
2023-11-01,2,7.938436669679687,11.239999771118164,-3.301563101438477,3.301563101438477,29.373337799543698
2023-11-01,3,7.725155131259729,15.25,-7.524844868740271,7.524844868740271,49.34324504091981
2023-12-01,1,9.615846497089294,11.239999771118164,-1.6241532740288704,1.6241532740288704,14.449762518698863
2023-12-01,2,9.429193247262193,15.25,-5.820806752737807,5.820806752737807,38.16922460811677
2023-12-01,3,9.242539997435092,13.859999656677246,-4.617459659242154,4.617459659242154,33.31500558167495
2024-01-01,1,11.079126688016778,15.25,-4.170873311983222,4.170873311983222,27.349988931037522
2024-01-01,2,10.918253628733005,13.859999656677246,-2.941746027944241,2.941746027944241,21.224719342088974
2024-01-01,3,10.757380569449234,12.710000038146973,-1.9526194686977387,1.9526194686977387,15.362859660403405
2024-02-01,1,17.105659823350486,13.859999656677246,3.2456601666732396,3.2456601666732396,23.417462100077312
2024-02-01,2,19.547644973331174,12.710000038146973,6.837644935184201,6.837644935184201,53.797363608671404
2024-02-01,3,21.989630123311862,11.9399995803833,10.049630542928561,10.049630542928561,84.16776294899958
2024-03-01,1,13.744384294570853,12.710000038146973,1.0343842564238805,1.0343842564238805,8.138349750742302
2024-03-01,2,13.628768913474644,11.9399995803833,1.6887693330913436,1.6887693330913436,14.14379725662545
2024-03-01,3,13.513153532378437,12.239999771118164,1.2731537612602732,1.2731537612602732,10.401583211336666
2024-04-01,1,12.578712069192887,11.9399995803833,0.6387124888095865,0.6387124888095865,5.349351015547376
2024-04-01,2,12.447424085058813,12.239999771118164,0.20742431394064909,0.20742431394064909,1.6946431194393738
2024-04-01,3,12.31613610092474,10.720000267028809,1.5961358338959322,1.5961358338959322,14.889326437846467
2024-05-01,1,11.79917863362329,12.239999771118164,-0.44082113749487384,0.44082113749487384,3.6014799488399287
2024-05-01,2,11.658357677487775,10.720000267028809,0.9383574104589663,0.9383574104589663,8.753333834748538
2024-05-01,3,11.51753672135226,11.109999656677246,0.4075370646750134,0.4075370646750134,3.668200515470571
2024-06-01,1,12.105661590778173,10.720000267028809,1.385661323749364,1.385661323749364,12.925944862251562
2024-06-01,2,11.971323416910328,11.109999656677246,0.8613237602330823,0.8613237602330823,7.752689350583518
2024-06-01,3,11.836985243042482,10.41571399143764,1.4212712516048427,1.4212712516048427,13.645451985079616
2024-07-01,1,10.565579942872532,11.109999656677246,-0.5444197138047144,0.5444197138047144,4.900267602416275
2024-07-01,2,10.411159598367538,10.41571399143764,-0.004554393070101526,0.004554393070101526,0.043726172529751854
2024-07-01,3,10.256739253862547,9.721428326198033,0.5353109276645132,0.5353109276645132,5.506504905476875
2024-08-01,1,10.96335677807243,10.41571399143764,0.5476427866347908,0.5476427866347908,5.25785161809346
2024-08-01,2,10.816713907464207,9.721428326198033,1.0952855812661735,1.0952855812661735,11.266714566156043
2024-08-01,3,10.670071036855983,9.027142660958425,1.642928375897558,1.642928375897558,18.19987162718802
2024-09-01,1,10.261357843111789,9.721428326198033,0.5399295169137552,0.5399295169137552,5.554014274411845
2024-09-01,2,10.107001686740363,9.027142660958425,1.0798590257819374,1.0798590257819374,11.962356931083297
2024-09-01,3,9.952645530368935,8.33285699571882,1.6197885346501142,1.6197885346501142,19.438573534651013
2024-10-01,1,9.559573161677601,9.027142660958425,0.5324305007191761,0.5324305007191761,5.898106640342462
2024-10-01,2,9.397717989223334,8.33285699571882,1.0648609935045137,1.0648609935045137,12.779062379824929
2024-10-01,3,9.23586281676907,7.6385713304792136,1.5972914862898557,1.5972914862898557,20.910866930264667
2024-11-01,1,8.857993878240494,8.33285699571882,0.5251368825216733,0.5251368825216733,6.302002815978641
2024-11-01,2,8.688845087697414,7.6385713304792136,1.0502737572182008,1.0502737572182008,13.749609865230006
2024-11-01,3,8.519696297154333,6.944285665239606,1.5754106319147265,1.5754106319147265,22.68643180681088
2024-12-01,1,8.156611837751683,7.6385713304792136,0.5180405072724694,0.5180405072724694,6.781903118524254
2024-12-01,2,7.980366672065138,6.944285665239606,1.0360810068255315,1.0360810068255315,14.9199076301217
2024-12-01,3,7.8041215063785945,6.25,1.5541215063785945,1.5541215063785945,24.86594410205751
2025-01-01,1,7.455418862822673,6.944285665239606,0.5111331975830664,0.5111331975830664,7.360486336868317
2025-01-01,2,7.272266387549654,6.25,1.0222663875496538,1.0222663875496538,16.35626220079446
2025-01-01,3,7.089113912276635,5.764999866485596,1.3241140457910392,1.3241140457910392,22.96815397149754
2025-02-01,1,6.7544077695307205,6.25,0.5044077695307205,0.5044077695307205,8.070524312491528
2025-02-01,2,6.5645298663055724,5.764999866485596,0.7995299998199767,0.7995299998199767,13.868690691009133
2025-02-01,3,6.374651963080425,5.190000057220459,1.1846519058599663,1.1846519058599663,22.825662674354863
2025-03-01,1,6.053571095552857,5.764999866485596,0.2885712290672613,0.2885712290672613,5.005572172600541
2025-03-01,2,5.8571421836870705,5.190000057220459,0.6671421264666115,0.6671421264666115,12.854376090776078
2025-03-01,3,5.660713271821284,5.770000100135803,-0.10928682831451919,0.10928682831451919,1.8940524509167167
2025-04-01,1,5.564871505652464,5.190000057220459,0.37487144843200504,0.37487144843200504,7.222956537552913
2025-04-01,2,5.3647431405744115,5.770000100135803,-0.40525695956139174,0.40525695956139174,7.023517374841182
2025-04-01,3,5.16461477549636,6.3500001430511475,-1.1853853675547876,1.1853853675547876,18.667485682688742
2025-05-01,1,4.985126272331761,5.770000100135803,-0.7848738278040424,0.7848738278040424,13.602665757069389
2025-05-01,2,4.780252481927755,6.3500001430511475,-1.569747661123392,1.569747661123392,24.72043505134687
2025-05-01,3,4.575378691523751,6.930000185966492,-2.354621494442741,2.354621494442741,33.97722123025245
2025-06-01,1,5.574937667865073,6.3500001430511475,-0.7750624751860746,0.7750624751860746,12.20570799567983
2025-06-01,2,5.379875247143673,6.930000185966492,-1.5501249388228189,1.5501249388228189,22.368324635284708
2025-06-01,3,5.184812826422272,7.510000228881836,-2.325187402459564,2.325187402459564,30.961216133088737
2025-07-01,1,6.164506276362776,6.930000185966492,-0.7654939096037161,0.7654939096037161,11.04608786524811
2025-07-01,2,5.979012421081152,7.510000228881836,-1.5309878078006838,1.5309878078006838,20.385988830104637
2025-07-01,3,5.793518565799529,8.100000381469727,-2.306481815670198,2.306481815670198,28.475082803041694
2025-08-01,1,6.753841609154601,7.510000228881836,-0.756158619727235,0.756158619727235,10.06868970282068
2025-08-01,2,6.577683043610352,8.100000381469727,-1.5223173378593744,1.5223173378593744,18.79404032303457
2025-08-01,3,6.4015244780661025,8.770000457763672,-2.3684759796975694,2.3684759796975694,27.006566203777883
