Date,Coal_Price_USD_per_MT,Oil_Price_USD_per_Barrel,IronOre_Price_USD_per_MT,NaturalGas_Price_USD_per_MMBtu,USD_INR,BDRY_Price_USD,VIX_Value,WTI_Price_USD,SBLK_Price_USD
1970-01-01,7.8,1.21,9.84,0.17,,,,,
1970-02-01,7.8,1.21,9.84,0.17,,,,,
1970-03-01,7.8,1.21,9.84,0.17,,,,,
1970-04-01,7.8,1.21,9.84,0.17,,,,,
1970-05-01,7.8,1.21,9.84,0.17,,,,,
1970-06-01,7.8,1.21,9.84,0.17,,,,,
1970-07-01,7.8,1.21,9.84,0.17,,,,,
1970-08-01,7.8,1.21,9.84,0.17,,,,,
1970-09-01,7.8,1.21,9.84,0.17,,,,,
1970-10-01,7.8,1.21,9.84,0.17,,,,,
1970-11-01,7.8,1.21,9.84,0.17,,,,,
1970-12-01,7.8,1.21,9.84,0.17,,,,,
1971-01-01,8.68,1.64,10.33,0.18,,,,,
1971-02-01,8.68,1.64,10.33,0.18,,,,,
1971-03-01,8.68,1.64,10.33,0.18,,,,,
1971-04-01,8.68,1.64,10.33,0.18,,,,,
1971-05-01,8.68,1.64,10.33,0.18,,,,,
1971-06-01,8.68,1.64,10.33,0.18,,,,,
1971-07-01,8.68,1.74,10.33,0.18,,,,,
1971-08-01,8.68,1.74,10.33,0.18,,,,,
1971-09-01,8.68,1.74,10.33,0.18,,,,,
1971-10-01,8.68,1.74,10.33,0.18,,,,,
1971-11-01,8.68,1.74,10.33,0.18,,,,,
1971-12-01,8.68,1.74,10.33,0.18,,,,,
1972-01-01,9.6,1.77,10.33,0.19,,,,,
1972-02-01,9.6,1.77,10.33,0.19,,,,,
1972-03-01,9.6,1.77,10.33,0.19,,,,,
1972-04-01,9.6,1.77,10.33,0.19,,,,,
1972-05-01,9.6,1.77,10.33,0.19,,,,,
1972-06-01,9.6,1.77,10.33,0.19,,,,,
1972-07-01,9.6,1.87,10.33,0.19,,,,,
1972-08-01,9.6,1.87,10.33,0.19,,,,,
1972-09-01,9.6,1.87,10.33,0.19,,,,,
1972-10-01,9.6,1.87,10.33,0.19,,,,,
1972-11-01,9.6,1.87,10.33,0.19,,,,,
1972-12-01,9.6,1.87,10.33,0.19,,,,,
1973-01-01,11.48,2.08,10.33,0.21,,,,,
1973-02-01,11.48,2.08,10.33,0.21,,,,,
1973-03-01,11.48,2.08,10.33,0.21,,,,,
1973-04-01,11.48,2.35,10.33,0.21,,,,,
1973-05-01,11.48,2.35,10.33,0.21,,,,,
1973-06-01,11.48,2.35,10.33,0.21,,,,,
1973-07-01,11.48,2.7,10.33,0.21,,,,,
1973-08-01,11.48,2.7,10.33,0.21,,,,,
1973-09-01,11.48,2.7,10.33,0.21,,,,,
1973-10-01,11.48,4.1,10.33,0.21,,,,,
1973-11-01,11.48,4.1,10.33,0.21,,,,,
1973-12-01,11.48,4.1,10.33,0.21,,,,,
1974-01-01,16.89,13.0,13.38,0.29,,,,,
1974-02-01,16.89,13.0,13.38,0.29,,,,,
1974-03-01,16.89,13.0,13.38,0.29,,,,,
1974-04-01,16.89,10.59999847412,13.38,0.29,,,,,
1974-05-01,16.89,10.59999847412,13.38,0.29,,,,,
1974-06-01,16.89,10.59999847412,13.38,0.29,,,,,
1974-07-01,16.89,10.0,13.38,0.29,,,,,
1974-08-01,16.89,10.0,13.38,0.29,,,,,
1974-09-01,16.89,10.0,13.38,0.29,,,,,
1974-10-01,16.89,10.29999923706,13.38,0.29,,,,,
1974-11-01,16.89,10.29999923706,13.38,0.29,,,,,
1974-12-01,16.89,10.29999923706,13.38,0.29,,,,,
1975-01-01,26.84,10.42000007629,17.3,0.43,,,,,
1975-02-01,26.84,10.42000007629,17.3,0.43,,,,,
1975-03-01,26.84,10.42000007629,17.3,0.43,,,,,
1975-04-01,26.84,10.42000007629,17.3,0.43,,,,,
1975-05-01,26.84,10.42000007629,17.3,0.43,,,,,
1975-06-01,26.84,10.42000007629,17.3,0.43,,,,,
1975-07-01,26.84,10.43000030518,17.3,0.43,,,,,
1975-08-01,26.84,10.43000030518,17.3,0.43,,,,,
1975-09-01,26.84,10.43000030518,17.3,0.43,,,,,
1975-10-01,26.84,10.46000003815,17.3,0.43,,,,,
1975-11-01,26.84,10.46000003815,17.3,0.43,,,,,
1975-12-01,26.84,10.46000003815,17.3,0.43,,,,,
1976-01-01,27.16,11.51000022888,22.72,0.54,,,,,
1976-02-01,27.16,11.51000022888,22.72,0.54,,,,,
1976-03-01,27.16,11.51000022888,22.72,0.54,,,,,
1976-04-01,27.16,11.51000022888,22.72,0.55,,,,,
1976-05-01,27.16,11.51000022888,22.72,0.55,,,,,
1976-06-01,27.16,11.51000022888,22.72,0.58,,,,,
1976-07-01,27.16,11.60000038147,22.72,0.58,,,,,
1976-08-01,27.16,11.60000038147,22.72,0.6,,,,,
1976-09-01,27.16,11.60000038147,22.72,0.6,,,,,
1976-10-01,27.16,11.89999961853,22.72,0.62,,,,,
1976-11-01,27.16,11.89999961853,22.72,0.63,,,,,
1976-12-01,27.16,11.89999961853,22.72,0.64,,,,,
1977-01-01,28.68,12.5,23.06,0.67,,,,,
1977-02-01,28.68,12.5,23.06,0.71,,,,,
1977-03-01,28.68,12.5,23.06,0.75,,,,,
1977-04-01,28.68,12.44999980927,23.06,0.77,,,,,
1977-05-01,28.67777777778,12.44999980927,23.06,0.77,,,,,
1977-06-01,28.67777777778,12.44999980927,23.06,0.82,,,,,
1977-07-01,28.67777777778,12.63000011444,23.06,0.83,,,,,
1977-08-01,28.67777777778,12.63000011444,23.06,0.82,,,,,
1977-09-01,28.67777777778,12.63000011444,23.06,0.83,,,,,
1977-10-01,28.67777777778,12.68000030518,23.06,0.84,,,,,
1977-11-01,28.67777777778,12.68000030518,23.06,0.83,,,,,
1977-12-01,28.67777777778,12.68000030518,23.06,0.84,,,,,
1978-01-01,27.86888888889,12.65999984741,21.45,0.87,,,,,
1978-02-01,27.06,12.65999984741,21.45,0.88,,,,,
1978-03-01,27.06,12.65999984741,21.45,0.89,,,,,
1978-04-01,27.06,12.68000030518,21.45,0.88,,,,,
1978-05-01,28.605,12.69999980927,21.45,0.91,,,,,
1978-06-01,30.15,12.72999954224,21.45,0.91,,,,,
1978-07-01,30.15,12.77000045776,21.45,0.89,,,,,
1978-08-01,30.15,12.78999996185,21.45,0.91,,,,,
1978-09-01,30.15,12.80000019073,21.45,0.92,,,,,
1978-10-01,30.15,12.85000038147,21.45,0.92,,,,,
1978-11-01,30.15,13.19999980927,21.45,0.93,,,,,
1978-12-01,30.15,14.5,21.45,0.96,,,,,
1979-01-01,30.15,18.95000076294,23.5,1.02,,,,,
1979-02-01,30.15,22.0,23.5,1.05,,,,,
1979-03-01,30.15,23.25,23.5,1.1,,,,,
1979-04-01,30.15,23.64999961853,23.5,1.11,,,,,
1979-05-01,30.15,32.75,23.5,1.15,,,,,
1979-06-01,30.15,36.5,23.5,1.17,,,,,
1979-07-01,30.15,35.0,23.5,1.2,,,,,
1979-08-01,31.26,35.75,23.5,1.24,,,,,
1979-09-01,31.26,36.5,23.5,1.24,,,,,
1979-10-01,32.37,38.5,23.5,1.28,,,,,
1979-11-01,32.37,42.0,23.5,1.29,,,,,
1979-12-01,32.37,40.5,23.5,1.31,,,,,
1980-01-01,32.37,40.0,28.09,1.37,,,,,
1980-02-01,32.37,38.5,28.09,1.42,,,,,
1980-03-01,32.37,38.25,28.09,1.46,,,,,
1980-04-01,39.54,38.15000152588,28.09,1.51,,,,,
1980-05-01,40.14,38.5,28.09,1.56,,,,,
1980-06-01,40.74,38.0,28.09,1.57,,,,,
1980-07-01,40.74,37.40000152588,28.09,1.64,,,,,
1980-08-01,44.24,33.59999847412,28.09,1.64,,,,,
1980-09-01,44.61,33.40000152588,28.09,1.69,,,,,
1980-10-01,44.61,37.90000152588,28.09,1.71,,,,,
1980-11-01,44.98,40.84999847412,28.09,1.76,,,,,
1980-12-01,44.98,40.15000152588,28.09,1.74,,,,,
1981-01-01,44.98,40.29999923706,28.09,1.77,,,,,
1981-02-01,44.98,38.70000076294,28.09,1.81,,,,,
1981-03-01,44.98,38.34999847412,28.09,1.86,,,,,
1981-04-01,56.5,37.18999862671,28.09,1.93,,,,,
1981-05-01,56.5,35.18999862671,28.09,1.95,,,,,
1981-06-01,56.5,33.25,28.09,1.95,,,,,
1981-07-01,56.5,35.06000137329,28.09,2.01,,,,,
1981-08-01,56.5,35.79999923706,28.09,2.02,,,,,
1981-09-01,56.5,35.90999984741,28.09,2.08,,,,,
1981-10-01,56.5,36.54000091553,28.09,2.11,,,,,
1981-11-01,56.5,37.11999893188,28.09,2.15,,,,,
1981-12-01,56.5,36.70000076294,28.09,2.16,,,,,
1982-01-01,55.61,35.84999847412,32.5,2.23,,,,,
1982-02-01,55.61,31.62000083923,32.5,2.3,,,,,
1982-03-01,55.61,29.29999923706,32.5,2.35,,,,,
1982-04-01,55.61,33.11999893188,32.5,2.4,,,,,
1982-05-01,55.61,35.18000030518,32.5,2.45,,,,,
1982-06-01,55.61,34.59999847412,32.5,2.45,,,,,
1982-07-01,55.61,33.70000076294,32.5,2.47,,,,,
1982-08-01,55.61,32.84999847412,32.5,2.53,,,,,
1982-09-01,55.61,34.25,32.5,2.56,,,,,
1982-10-01,55.61,35.0,32.5,2.6,,,,,
1982-11-01,55.61,33.79999923706,32.5,2.62,,,,,
1982-12-01,45.5,31.75,32.5,2.62,,,,,
1983-01-01,43.0,30.85000038147,29.0,2.66,,,,,
1983-02-01,43.0,29.10000038147,29.0,2.66,,,,,
1983-03-01,43.0,28.20000076294,29.0,2.58,,,,,
1983-04-01,43.0,29.75,29.0,2.53,,,,,
1983-05-01,43.0,29.60000038147,29.0,2.53,,,,,
1983-06-01,43.0,30.20000076294,29.0,2.59,,,,,
1983-07-01,34.75,30.79999923706,29.0,2.52,,,,,
1983-08-01,34.75,31.10000038147,29.0,2.58,,,,,
1983-09-01,34.75,30.35000038147,29.0,2.67,,,,,
1983-10-01,34.75,29.85000038147,29.0,2.58,,,,,
1983-11-01,32.0,29.20000076294,29.0,2.6,,,,,
1983-12-01,29.25,28.95000076294,29.0,2.61,,,,,
1984-01-01,29.25,29.55999946594,26.15,2.67,,,,,
1984-02-01,29.25,29.87999916077,26.15,2.71,,,,,
1984-03-01,29.25,30.07999992371,26.15,2.67,,,,,
1984-04-01,29.25,30.12999916077,26.15,2.64,,,,,
1984-05-01,29.25,29.89999961853,26.15,2.67,,,,,
1984-06-01,31.75,29.20000076294,26.15,2.7,,,,,
1984-07-01,31.75,27.90999984741,26.15,2.68,,,,,
1984-08-01,31.75,28.11000061035,26.15,2.69,,,,,
1984-09-01,31.75,28.36000061035,26.15,2.62,,,,,
1984-10-01,31.75,27.80999946594,26.15,2.63,,,,,
1984-11-01,32.75,27.70000076294,26.15,2.61,,,,,
1984-12-01,33.75,26.97999954224,26.15,2.57,,,,,
1985-01-01,33.75,26.95,26.56,2.64,,,,,
1985-02-01,33.75,28.2,26.56,2.71,,,,,
1985-03-01,33.75,28.1,26.56,2.62,,,,,
1985-04-01,33.75,27.9,26.56,2.64,,,,,
1985-05-01,33.75,26.65,26.56,2.53,,,,,
1985-06-01,33.75,26.45,26.56,2.58,,,,,
1985-07-01,33.75,26.6,26.56,2.51,,,,,
1985-08-01,33.75,27.15,26.56,2.47,,,,,
1985-09-01,33.75,27.15,26.56,2.42,,,,,
1985-10-01,33.75,27.9,26.56,2.37,,,,,
1985-11-01,33.75,29.05,26.56,2.36,,,,,
1985-12-01,33.75,25.85,26.56,2.28,,,,,
1986-01-01,33.75,25.75,26.26,2.28,,,,,
1986-02-01,33.75,17.55,26.26,2.26,,,,,
1986-03-01,30.75,13.85,26.26,2.16,,,,,
1986-04-01,30.75,12.5,26.26,2.1,,,,,
1986-05-01,30.75,14.2,26.26,1.96,,,,,
1986-06-01,30.75,11.85,26.26,1.85,,,,,
1986-07-01,30.75,9.45,26.26,1.8,,,,,
1986-08-01,30.75,13.65,26.26,1.77,,,,,
1986-09-01,30.75,14.2,26.26,1.78,,,,,
1986-10-01,30.75,13.8,26.26,1.73,,,,,
1986-11-01,30.75,14.55,26.26,1.77,,,,,
1986-12-01,29.25,15.9,26.26,1.76,,,,,
1987-01-01,29.25,18.4,25.3,1.74,,,,,
1987-02-01,29.25,17.3,25.3,1.73,,,,,
1987-03-01,29.25,17.9,25.3,1.73,,,,,
1987-04-01,24.75,18.1,25.3,1.69,,,,,
1987-05-01,24.75,18.75,25.3,1.65,,,,,
1987-06-01,24.75,18.85,25.3,1.65,,,,,
1987-07-01,27.0,19.8,25.3,1.66,,,,,
1987-08-01,27.0,18.95,25.3,1.63,,,,,
1987-09-01,27.0,18.35,25.3,1.56,,,,,
1987-10-01,27.0,18.8,25.3,1.57,,,,,
1987-11-01,29.0,17.8,25.3,1.64,,,,,
1987-12-01,31.0,17.1,25.3,1.7,,,,,
1988-01-01,31.0,16.85,24.3,1.96,,,,,
1988-02-01,31.0,15.75,24.3,1.84,,,,,
1988-03-01,33.0,14.75,24.3,1.7,,,,,
1988-04-01,33.0,16.6,24.3,1.59,,,,,
1988-05-01,33.0,16.4,24.3,1.52,,,,,
1988-06-01,36.0,15.55,24.3,1.53,,,,,
1988-07-01,36.0,14.9,24.3,1.56,,,,,
1988-08-01,36.0,14.95,24.3,1.62,,,,,
1988-09-01,37.0,13.3,24.3,1.53,,,,,
1988-10-01,37.0,12.45,24.3,1.68,,,,,
1988-11-01,37.5,13.0,24.3,1.76,,,,,
1988-12-01,38.0,15.15,24.3,1.89,,,,,
1989-01-01,38.0,17.0,27.83,1.78,,,,,
1989-02-01,38.0,16.65,27.83,1.71,,,,,
1989-03-01,38.0,18.7,27.83,1.49,,,,,
1989-04-01,38.0,19.75,27.83,1.53,,,,,
1989-05-01,38.0,18.35,27.83,1.66,,,,,
1989-06-01,38.0,17.5,27.83,1.7,,,,,
1989-07-01,38.0,17.75,27.83,1.64,,,,,
1989-08-01,38.0,17.1,27.83,1.58,,,,,
1989-09-01,38.0,17.8,27.83,1.53,,,,,
1989-10-01,38.0,19.0,27.83,1.6,,,,,
1989-11-01,38.0,19.15,27.83,1.9,,,,,
1989-12-01,38.0,19.85,27.83,2.24,,,,,
1990-01-01,38.0,20.95,32.5,2.39,,,,,
1990-02-01,38.0,19.9,32.5,1.9,,,,,
1990-03-01,38.0,18.45,32.5,1.55,,,,,
1990-04-01,38.0,16.75,32.5,1.49,,,,,
1990-05-01,40.5,16.7,32.5,1.47,,,,,
1990-06-01,40.5,15.7,32.5,1.47,,,,,
1990-07-01,40.5,17.55,32.5,1.41,,,,,
1990-08-01,40.5,27.05,32.5,1.36,,,,,
1990-09-01,40.5,34.1,32.5,1.44,,,,,
1990-10-01,40.5,36.05,32.5,1.69,,,,,
1990-11-01,40.5,33.0,32.5,2.1,,,,,
1990-12-01,40.5,28.0,32.5,2.11,,,,,
1991-01-01,40.5,23.65,34.76,1.67,,,,,
1991-02-01,40.5,19.4,34.76,1.36,,,,,
1991-03-01,39.5,19.45,34.76,1.34,,,,,
1991-04-01,39.5,19.25,34.76,1.33,,,,,
1991-05-01,39.5,19.3,34.76,1.31,,,,,
1991-06-01,39.5,18.2,34.76,1.2,,,,,
1991-07-01,39.5,19.45,34.76,1.19,,,,,
1991-08-01,39.5,19.75,34.76,1.31,,,,,
1991-09-01,39.5,20.5,34.76,1.63,,,,,
1991-10-01,39.5,22.2,34.76,1.77,,,,,
1991-11-01,39.5,21.25,34.76,1.81,,,,,
1991-12-01,39.5,18.4,34.76,1.92,,,,,
1992-01-01,39.5,18.15,33.1,1.28,,,,,
1992-02-01,39.5,18.1,33.1,1.21,,,,,
1992-03-01,39.5,17.6,33.1,1.28,,,,,
1992-04-01,39.5,18.95,33.1,1.47,,,,,
1992-05-01,39.5,19.9,33.1,1.59,,,,,
1992-06-01,39.5,21.15,33.1,1.56,,,,,
1992-07-01,39.5,20.25,33.1,1.75,,,,,
1992-08-01,39.5,19.75,33.1,1.97,,,,,
1992-09-01,39.5,20.25,33.1,2.33,,,,,
1992-10-01,37.25,20.3,33.1,2.42,,,,,
1992-11-01,35.0,19.2,33.1,2.24,,,,,
1992-12-01,35.0,18.15,33.1,2.16,,,,,
1993-01-01,35.0,17.4,29.09,1.88,,,,,
1993-02-01,31.0,18.45,29.09,1.69,,,,,
1993-03-01,31.0,18.75,29.09,2.18,,,,,
1993-04-01,31.0,18.65,29.09,2.35,,,,,
1993-05-01,31.0,18.5,29.09,2.17,,,,,
1993-06-01,31.0,17.65,29.09,1.97,,,,,
1993-07-01,31.0,16.8,29.09,2.06,,,,,
1993-08-01,31.0,16.7,29.09,2.26,,,,,
1993-09-01,31.0,16.0,29.09,2.27,,,,,
1993-10-01,31.0,16.6,29.09,2.02,,,,,
1993-11-01,31.0,15.15,29.09,2.26,,,,,
1993-12-01,31.0,13.6,29.09,2.34,,,,,
1994-01-01,31.0,14.25,26.47,2.34,,,,,
1994-02-01,31.0,13.8,26.47,2.71,,,,,
1994-03-01,29.5,13.95,26.47,2.21,,,,,
1994-04-01,29.5,15.15,26.47,2.04,,,,,
1994-05-01,31.4,16.2,26.47,1.92,,,,,
1994-06-01,33.6,16.75,26.47,1.9,,,,,
1994-07-01,33.1,17.6,26.47,1.96,,,,,
1994-08-01,33.1,16.8,26.47,1.66,,,,,
1994-09-01,33.1,15.9,26.47,1.49,,,,,
1994-10-01,33.1,16.4,26.47,1.51,,,,,
1994-11-01,33.1,17.2,26.47,1.58,,,,,
1994-12-01,36.1,15.96,26.47,1.72,,,,,
1995-01-01,37.1,16.63,28.38,1.51,,,,,
1995-02-01,37.6,17.08,28.38,1.58,,,,,
1995-03-01,38.35,17.01,28.38,1.54,,,,,
1995-04-01,37.1,18.67,28.38,1.62,,,,,
1995-05-01,38.77,18.38,28.38,1.64,,,,,
1995-06-01,40.77,17.35,28.38,1.62,,,,,
1995-07-01,41.05,15.86,28.38,1.44,,,,,
1995-08-01,40.88,16.07,28.38,1.56,,,,,
1995-09-01,40.93,16.78,28.38,1.64,,,,,
1995-10-01,40.97,16.12,28.38,1.77,,,,,
1995-11-01,39.59,16.88,28.38,2.04,,,,,
1995-12-01,39.35,17.96,28.38,2.71,,,,,
1996-01-01,39.37,17.94,30.0,2.93,,,,,
1996-02-01,39.28,17.97,30.0,4.4,,,,,
1996-03-01,39.01,19.99,30.0,2.95,,,,,
1996-04-01,39.33,21.01,30.0,2.23,,,,,
1996-05-01,38.2,19.12,30.0,2.24,,,,,
1996-06-01,38.2,18.27,30.0,2.49,,,,,
1996-07-01,38.4,19.61,30.0,2.48,,,,,
1996-08-01,38.35,20.58,30.0,2.03,,,,,
1996-09-01,38.1,22.59,30.0,1.84,,,,,
1996-10-01,37.6,24.18,30.0,2.37,,,,,
1996-11-01,35.7,22.64,30.0,3.03,,,,,
1996-12-01,35.35,23.9,30.0,3.82,,,,,
1997-01-01,35.23,23.47,30.15,3.31,,,,,
1997-02-01,34.6,20.83,30.15,2.22,,,,,
1997-03-01,34.5,19.21,30.15,1.89,,,,,
1997-04-01,35.4,17.47,30.15,2.031,,,,,
1997-05-01,35.73,19.1425,30.15,2.24,,,,,
1997-06-01,34.5,17.55,30.15,2.2,,,,,
1997-07-01,35.0,18.4,30.15,2.19,,,,,
1997-08-01,36.93,18.71,30.15,2.47,,,,,
1997-09-01,37.15,18.45,30.15,2.84,,,,,
1997-10-01,37.15,19.85,30.15,3.04,,,,,
1997-11-01,33.6,19.0,30.15,3.02,,,,,
1997-12-01,31.4,17.0,30.15,2.33,,,,,
1998-01-01,31.4,15.09,31.0,2.1,,,,,
1998-02-01,33.44,14.06,31.0,2.22,,,,,
1998-03-01,31.88,13.08,31.0,2.23,,,,,
1998-04-01,31.18,13.39,31.0,2.42,,,,,
1998-05-01,30.28,14.39,31.0,2.14,,,,,
1998-06-01,30.0,12.058,31.0,2.17,,,,,
1998-07-01,30.0,12.01,31.0,2.17,,,,,
1998-08-01,26.2,11.8805,31.0,1.85,,,,,
1998-09-01,27.09,13.36,31.0,2.01,,,,,
1998-10-01,27.1,12.56,31.0,1.89,,,,,
1998-11-01,26.1,10.92,31.0,2.103,,,,,
1998-12-01,26.1,9.8,31.0,1.74,,,,,
1999-01-01,26.1,11.06,27.59,1.86,,,,,
1999-02-01,26.1,10.2,27.59,1.77,,,,,
1999-03-01,26.1,12.47,27.59,1.79,,,,,
1999-04-01,26.1,15.3,27.59,2.15,,,,,
1999-05-01,26.1,15.14,27.59,2.25,,,,,
1999-06-01,26.1,15.77,27.59,2.3,,,,,
1999-07-01,26.1,19.01,27.59,2.31,,,,,
1999-08-01,26.1,20.22,27.59,2.79,,,,,
1999-09-01,26.1,22.4,27.59,2.54,,,,,
1999-10-01,25.6,21.95,27.59,2.72,,,,,
1999-11-01,25.1,24.59,27.59,2.36,,,,,
1999-12-01,25.1,25.59,27.59,2.36,,,,,
2000-01-01,25.1,25.38,28.79,2.42,43.56569230769231,,,,
2000-02-01,25.1,27.7048,28.79,2.65,43.613285714285716,,,,
2000-03-01,25.1,27.47,28.79,2.79,43.581304347826084,,,,
2000-04-01,25.1,22.54,28.79,3.03,43.64055555555555,,,,
2000-05-01,25.6,27.34,28.79,3.58,44.03604545454545,,,,
2000-06-01,25.6,29.6773,28.79,4.28,44.679227272727275,,,,
2000-07-01,25.6,28.53,28.79,3.96,44.78885714285715,,,,
2000-08-01,25.6,29.43,28.79,4.41,45.70121739130435,,,,
2000-09-01,27.15,32.621,28.79,5.06,45.86223809523809,,,,
2000-10-01,27.15,30.9323,28.79,5.02,46.35340909090909,,,,
2000-11-01,27.15,32.52409090909,28.79,5.55,46.76231818181818,,,,
2000-12-01,30.75,25.1255,28.79,8.95,46.7398947368421,,,,
2001-01-01,32.1,25.63636363636,30.03,8.17,46.528318181818186,,,,
2001-02-01,32.1,27.406,30.03,5.63,46.50735,,,,
2001-03-01,32.6,24.39545454545,30.03,5.16,46.617000000000004,,,,
2001-04-01,33.5,25.641,30.03,5.17,46.73357894736842,,,,
2001-05-01,33.8,28.45047619048,30.03,4.21,46.932454545454554,,,,
2001-06-01,33.9,27.72428571429,30.03,3.71,47.004,,,,
2001-07-01,34.0,24.53818181818,30.03,3.1,47.13036363636363,,,,
2001-08-01,33.8,25.69782608696,30.03,2.95,47.125913043478256,,,,
2001-09-01,32.8,25.544,30.03,2.15,47.632,,,,
2001-10-01,32.4,20.47826086957,30.03,2.45,48.00908695652174,,,,
2001-11-01,29.4,18.94227272727,30.03,2.36,47.98686363636364,,,,
2001-12-01,27.35,18.60473684211,30.03,2.41,47.87327777777777,,,,
2002-01-01,27.35,19.485,29.31,2.25,48.310909090909085,,,,
2002-02-01,28.1,20.2915,29.31,2.31,48.65875,,,,
2002-03-01,27.8,23.6905,29.31,3.03,48.71375,,,,
2002-04-01,27.0875,25.65409090909,29.31,3.42,48.899428571428565,,,,
2002-05-01,26.875,25.38727272727,29.31,3.49,48.96636363636364,,,,
2002-06-01,24.9,24.12789473684,29.31,3.22,48.948,,,,
2002-07-01,23.15,25.76782608696,29.31,2.98,48.743130434782614,,,,
2002-08-01,22.25,26.63285714286,29.31,3.09,48.56463636363637,,,,
2002-09-01,22.7,28.34238095238,29.31,3.57,48.41457142857143,,,,
2002-10-01,24.5,27.54869565217,29.31,4.12,48.337347826086955,,,,
2002-11-01,24.5,24.18476190476,29.31,4.04,48.235142857142854,,,,
2002-12-01,24.5,28.52095238095,29.31,4.74,48.12355,,,,
2003-01-01,24.9,31.24666666667,31.95,5.405869,47.906454545454544,,,,
2003-02-01,25.15,32.6485,31.95,7.773684,47.713550000000005,,,,
2003-03-01,24.4,30.33904761905,31.95,5.946857,47.613190476190475,,,,
2003-04-01,23.45,25.016,31.95,5.289318,47.363099999999996,,,,
2003-05-01,23.3,25.8095,31.95,5.838044,47.06338095238095,,,,
2003-06-01,24.1,27.54571428571,31.95,5.771905,46.667095238095236,,,,
2003-07-01,24.35,28.39826086957,31.95,5.005,46.18869565217391,,,,
2003-08-01,25.325,29.82571428571,31.95,4.970714,45.904809523809526,,,,
2003-09-01,26.7,27.09818181818,31.95,4.612727,45.79572727272727,,,,
2003-10-01,27.5,29.59043478261,31.95,4.635652,45.374,,,,
2003-11-01,29.9125,28.772,31.95,4.5275,45.5185,,,,
2003-12-01,34.0,29.92666666667,31.95,6.126522,45.51947619047619,,,,
2004-01-01,37.75,31.17523809524,37.9,6.09477272727,45.40190476190477,,,,
2004-02-01,41.75,30.866,37.9,5.3795,45.25395,,,,
2004-03-01,48.9375,33.79913043478,37.9,5.39686956522,44.93804347826087,,,,
2004-04-01,53.25,33.36227272727,37.9,5.71652173913,43.91555,,,,
2004-05-01,56.4375,37.91631578947,37.9,6.33595238095,45.15880952380952,,,,
2004-06-01,59.55,35.19136363636,37.9,6.27159090909,45.482181818181814,,,,
2004-07-01,61.375,38.37045454545,37.9,5.92863636364,46.02522727272727,,,,
2004-08-01,59.25,43.03,37.9,5.39568181818,46.296181818181815,,,,
2004-09-01,55.375,43.38136363636,37.9,5.13886363636,46.03059090909091,,,,
2004-10-01,56.625,49.8180952381,37.9,6.41166666667,45.73595238095238,,,,
2004-11-01,52.825,43.05363636364,37.9,6.08704545455,45.07781818181818,,,,
2004-12-01,52.25,39.64428571429,37.9,6.58130434783,43.918608695652175,,,,
2005-01-01,53.045,44.28333333333,65.0,6.15452380952,43.7192380952381,,,,
2005-02-01,49.8975,45.557,65.0,6.14475,43.66445,,,,
2005-03-01,50.925,53.08409090909,65.0,6.96804347826,43.651476190476195,,,,
2005-04-01,51.25,51.85714285714,65.0,7.15261904762,43.7002380952381,,,,
2005-05-01,51.3125,48.66590909091,65.0,6.46931818182,43.486318181818184,,,,
2005-06-01,51.0,54.30681818182,65.0,7.18613636364,43.56090909090909,,,,
2005-07-01,50.9,57.57904761905,65.0,7.62619047619,43.509952380952384,,,,
2005-08-01,49.125,64.09,65.0,9.6297826087,43.614739130434785,,,,
2005-09-01,45.25,62.98181818182,65.0,12.87568181818,43.89604545454545,,,,
2005-10-01,42.45833333333,58.5219047619,65.0,13.52261904762,44.83614285714285,,,,
2005-11-01,38.0625,55.535,65.0,10.43090909091,45.68068181818182,,,,
2005-12-01,38.225,56.7475,65.0,12.8275,45.62319047619047,,,,
2006-01-01,43.1875,63.57428571429,67.2,8.66090909091,44.32695454545455,,,,
2006-02-01,47.7,59.923,65.2,7.48785714286,44.278000000000006,,,,
2006-03-01,49.75,62.25304347826,66.7,6.89891304348,44.40643478260869,,,,
2006-04-01,52.875,70.44210526316,67.3,7.094,44.89577777777778,,,,
2006-05-01,52.6,70.18727272727,67.3,6.19804347826,45.34909090909091,,,,
2006-06-01,52.375,68.85772727273,69.3,6.19318181818,45.96427272727273,,,,
2006-07-01,52.75,73.89714285714,70.5,6.25,46.42652380952381,,,,
2006-08-01,50.9375,73.61217391304,69.8,6.995,46.505434782608695,,,,
2006-09-01,47.1,62.7719047619,70.0,4.86238095238,46.05861904761905,,,,
2006-10-01,44.05,58.38,71.7,5.9625,45.404863636363636,,,,
2006-11-01,46.0,58.48318181818,73.5,7.45363636364,44.78281818181818,,,,
2006-12-01,49.75,62.31473684211,73.5,6.5780952381,44.549894736842106,,,,
2007-01-01,51.2875,54.29909090909,78.2,6.58434782609,44.242363636363635,,,,
2007-02-01,52.9,57.757,82.66,7.9725,44.058,,,,
2007-03-01,55.38,62.14363636364,88.55,7.12318181818,43.79636363636364,,,,
2007-04-01,56.12,67.39842105263,91.26,7.58738095238,41.912,,,,
2007-05-01,56.0,67.47608695652,102.02,7.61347826087,40.66863636363637,,,,
2007-06-01,61.6,71.31619047619,103.21,7.3041428571400004,40.68652380952381,,,,
2007-07-01,67.31,77.20409090909,106.09,6.22090909091,40.342727272727274,,,,
2007-08-01,69.35,70.79652173913,121.89,6.19543478261,40.72991304347826,,,,
2007-09-01,68.44,77.127,148.65,6.0965,40.23165,,,,
2007-10-01,74.81,82.85782608696,168.11,6.79804347826,39.402043478260865,,,,
2007-11-01,84.6,92.52818181818,195.09,7.13772727273,39.36022727272727,,,,
2007-12-01,91.0,91.45,190.12,7.14976190476,39.368315789473684,,,,
2008-01-01,91.75,91.92045454545,193.37,8.0,39.27104545454545,,,,
2008-02-01,132.0,94.81666666667,186.12,8.55,39.669999999999995,,,,
2008-03-01,118.25,103.2775,197.12,9.40142857143,40.188105263157894,,,,
2008-04-01,123.0,110.18772727273,195.95,10.13227272727,39.99609090909091,,,,
2008-05-01,133.2,123.93619047619,192.95,11.23045454545,42.137476190476185,,,,
2008-06-01,159.75,133.04857142857,183.93,12.67619047619,42.79861904761905,,,,
2008-07-01,180.0,133.87304347826,180.5,11.1487826087,42.81013043478261,,,,
2008-08-01,158.4,113.84904761905,178.74,8.25,42.96433333333333,,,,
2008-09-01,150.0,99.06409090909,139.64,7.6945,45.521136363636366,,,,
2008-10-01,108.0,72.84260869565,88.67,6.7335,48.51465217391304,,,,
2008-11-01,92.25,53.241,64.95,6.6745,48.812349999999995,,,,
2008-12-01,78.65,41.58090909091,69.98,5.7948,48.476523809523805,,,,
2009-01-01,79.4,44.86,72.51,5.2414,48.732619047619046,,,,
2009-02-01,75.38,43.2425,75.59,4.519,49.1914,,,,
2009-03-01,61.0,46.83909090909,64.07,3.9502,51.20609090909091,,,,
2009-04-01,63.56,50.84523809524,59.78,3.4998,50.0735,,,,
2009-05-01,64.5,57.94095238095,62.69,3.81,48.4935,,,,
2009-06-01,71.38,68.61681818182,71.66,3.8043,47.745954545454545,,,,
2009-07-01,73.8,64.91,83.95,3.3902,48.435782608695646,,,,
2009-08-01,72.5,72.50476190476,97.67,3.1479,48.331428571428575,,,,
2009-09-01,67.64,67.68681818182,80.71,2.9616,48.36054545454545,,,,
2009-10-01,71.07,73.19409090909,86.79,4.0232,46.719181818181816,,,,
2009-11-01,78.8,77.03666666667,99.26,3.6907,46.562,,,,
2009-12-01,83.1,74.66954545455,105.07,5.3652,46.598681818181824,,,,
2010-01-01,97.0,76.373,125.72,5.8069,45.92165,,24.6200008392334,72.88999938964844,78.01563262939453
2010-02-01,94.19,74.312,127.49,5.3357,46.34725,,19.5,79.66000366210938,83.2578125
2010-03-01,94.375,79.2747826087,139.69,4.2924,45.49813043478262,,17.59000015258789,83.76000213623047,91.35314178466795
2010-04-01,100.15,84.97857142857,172.47,4.0059,44.4742,,22.049999237060547,86.1500015258789,89.46956634521484
2010-05-01,100.13,76.25095238095,161.35,4.156,45.87161904761905,,32.06999969482422,73.97000122070312,87.07600402832031
2010-06-01,98.1875,74.83818181818,143.63,4.7948,46.57577272727272,,34.540000915527344,75.62999725341797,77.47206115722656
2010-07-01,95.98,74.73545454545,126.36,4.6266,46.83622727272727,,23.5,78.94999694824219,84.1948471069336
2010-08-01,89.78,76.69318181818,145.34,4.305,46.582454545454546,,26.049999237060547,,90.87843322753906
2010-09-01,94.9,77.78681818182,140.62727272727,3.9039,45.99045454545455,,23.700000762939453,79.97000122070312,92.83283233642578
2010-10-01,97.45,82.9180952381,148.48095238095,3.4315,44.425,,21.200000762939453,81.43000030517578,95.11292266845705
2010-11-01,107.16,85.67,156.1,3.72725,44.998590909090915,,23.540000915527344,84.11000061035156,95.10164642333984
2010-12-01,118.29,91.79652173913,163.1,4.2370952381,45.11908695652174,,17.75,91.37999725341795,88.47435760498047
2011-01-01,132.48,96.29428571429,179.18,4.4934,45.44423809523809,,19.530000686645508,92.19000244140624,85.82342529296875
2011-02-01,128.36,103.9555,187.18,4.0749,45.435500000000005,,18.350000381469727,96.97000122070312,85.82342529296875
2011-03-01,126.13,114.44130434783,169.36,3.9713,44.96982608695652,,17.739999771118164,106.72000122070312,81.093017578125
2011-04-01,122.5,123.07,179.33,4.2424,44.39431578947368,,14.75,113.93000030517578,79.403564453125
2011-05-01,119.12,114.45818181818,177.05,4.30895454545,44.93777272727272,,15.449999809265137,,73.29029846191406
2011-06-01,120.09,113.75772727273,170.88,4.549,44.84259090909091,,16.520000457763672,95.41999816894533,71.561767578125
2011-07-01,120.75,116.46,172.98,4.4131,44.41509523809524,,25.25,95.6999969482422,53.930606842041016
2011-08-01,120.13,110.08130434783,177.5,4.0539,45.36495652173913,,31.6200008392334,88.80999755859375,50.8071403503418
2011-09-01,123.09,110.87909090909,177.23,3.9013,47.658545454545454,,42.959999084472656,79.19999694824219,46.15577697753906
2011-10-01,119.39,109.46857142857,150.43,3.568,49.28547619047619,,29.959999084472656,93.19000244140624,49.73374938964844
2011-11-01,113.78,110.50409090909,135.54,3.24245,50.791045454545454,,27.799999237060547,100.36000061035156,43.55020904541016
2011-12-01,111.56,107.90904761905,136.39,3.16423809524,52.52271428571429,,23.399999618530277,98.83000183105467,33.12793731689453
2012-01-01,116.46,111.15619047619,140.26,2.6797,51.197545454545455,,19.440000534057617,,42.43354797363281
2012-02-01,117.02,119.70238095238,140.4,2.5192,49.197809523809525,,18.43000030517578,107.06999969482422,36.644630432128906
2012-03-01,107.46,124.92863636364,144.66,2.1661,50.403999999999996,,15.5,103.0199966430664,34.00016403198242
2012-04-01,103.59,120.4635,147.64,1.9467,51.812526315789476,,17.149999618530273,,37.7779655456543
2012-05-01,95.83,110.52173913044,136.61,2.4374,54.4714090909091,,24.059999465942383,86.52999877929688,29.84459114074707
2012-06-01,87.19,95.58904761905,134.66,2.4552,56.01642857142857,,17.079999923706055,84.95999908447266,27.77076530456543
2012-07-01,88.24,103.14090909091,127.94,2.9455,55.426500000000004,,18.93000030517578,,20.056663513183597
2012-08-01,91.0,113.34,107.5,2.8383,55.53521739130434,,17.469999313354492,96.47000122070312,20.056663513183597
2012-09-01,88.96,113.3825,99.47,2.8415,54.494299999999996,,15.729999542236328,92.19000244140624,23.84359359741211
2012-10-01,81.85,111.97347826087,113.95,3.3174,53.07326086956522,,18.600000381469727,86.23999786376953,20.26704406738281
2012-11-01,85.89,109.71181818182001,120.35,3.538,54.822272727272725,,15.869999885559082,88.91000366210938,18.094633102416992
2012-12-01,92.88,109.6765,128.51111111111,3.3395,54.64631578947368,,18.020000457763672,91.81999969482422,16.37259292602539
2013-01-01,92.77,112.97363636364,150.49090909091,3.328,54.24363636363636,,14.279999732971191,97.48999786376952,17.962167739868164
2013-02-01,94.94,116.5195,154.63888888889,3.3292,53.850699999999996,,15.510000228881836,92.0500030517578,15.233404159545898
2013-03-01,90.98,109.24,139.87,3.8069,54.427499999999995,,12.699999809265137,97.2300033569336,18.862926483154297
2013-04-01,87.76,102.87545454546,137.39090909091,4.1669,54.33361904761905,,13.520000457763672,93.45999908447266,16.875961303710938
2013-05-01,87.71,103.02695652174,124.00952380952,4.0403,55.0615,,16.299999237060547,91.97000122070312,15.604304313659668
2013-06-01,82.75431946201,103.11,114.815,3.8254,58.406150000000004,,16.860000610351562,96.55999755859376,14.49160385131836
2013-07-01,77.25921082883,107.71608695652,127.19130434783,3.6227,59.76952173913044,,13.449999809265137,105.02999877929688,16.822978973388672
2013-08-01,76.96,110.96454545455,137.055,3.4251,63.070727272727275,,17.010000228881836,107.6500015258789,21.644676208496094
2013-09-01,77.6125,111.62142857143,134.18571428571,3.6154,63.89523809523809,,16.600000381469727,,26.83728790283203
2013-10-01,79.4125,109.47869565217,132.57272727273,3.6739,61.612478260869565,,13.75,96.37999725341795,20.92936897277832
2013-11-01,82.25,108.07619047619,136.32380952381,3.6174,62.62647619047619,,13.699999809265137,92.72000122070312,25.221214294433597
2013-12-01,84.3375,110.674,135.79047619048,4.2366,61.855650000000004,,13.720000267028809,,35.31499481201172
2014-01-01,81.61,107.42,128.119,4.7008,62.09281818181818,,18.40999984741211,97.48999786376952,31.39405632019043
2014-02-01,76.29,108.81,121.37,5.9733,62.197649999999996,,14.0,102.58999633789062,32.71869659423828
2014-03-01,73.34,107.4,111.833,4.8783,60.98723809523809,,13.880000114440918,101.58000183105467,37.80532836914063
2014-04-01,72.82,107.79,114.581,4.6339,60.35295,,13.40999984741211,99.73999786376952,31.473535537719727
2014-05-01,73.69,109.68,100.56,4.5625,59.29652380952381,,11.399999618530272,102.70999908447266,28.26788902282715
2014-06-01,71.48,111.87,92.743,4.5692,59.742714285714285,,11.56999969482422,,34.36125564575195
2014-07-01,68.75,106.98,96.05,4.0099,60.0534347826087,,16.950000762939453,98.16999816894533,28.373872756958008
2014-08-01,68.94,101.92,92.614,3.884,60.88057142857143,,12.09000015258789,95.95999908447266,37.30197525024414
2014-09-01,65.94,97.34,82.37954545455,3.917,60.902136363636366,,16.309999465942383,91.16000366210938,29.195140838623047
2014-10-01,63.71,87.27,81.06,3.7719,61.383782608695654,,14.029999732971191,80.54000091552734,27.340648651123047
2014-11-01,62.55,78.44,73.73,4.1003,61.7025,,13.329999923706056,66.1500015258789,22.015581130981445
2014-12-01,62.44,62.33,68.39,3.4328,62.750666666666675,,19.200000762939453,53.27000045776367,17.37932777404785
2015-01-01,61.44,48.07,68.23,2.9743,62.12785714285714,,20.96999931335449,48.2400016784668,10.623640060424805
2015-02-01,69.05,57.93,62.75,2.8478,62.060050000000004,,13.34000015258789,,12.23970890045166
2015-03-01,64.76,55.79,58.05,2.8006,62.507090909090905,,15.289999961853027,,9.616913795471191
2015-04-01,56.24,59.39,52.28,2.5797,62.7491,,14.550000190734863,59.630001068115234,10.46468448638916
2015-05-01,61.19,64.56,60.3,2.8383,63.78335,,13.84000015258789,60.29999923706055,8.053833961486816
2015-06-01,58.96,62.34,62.63,2.7692,63.841590909090904,,18.229999542236328,59.470001220703125,7.788904666900635
2015-07-01,59.9,55.87,52.39,2.83,63.65756521739131,,12.119999885559082,47.119998931884766,8.000847816467285
2015-08-01,59.14,46.99,56.19,2.763,65.10442857142857,,28.43000030517578,49.20000076293945,6.490755081176758
2015-09-01,57.65,47.24,56.95,2.6461,66.21381818181818,,24.5,45.09000015258789,5.431039333343506
2015-10-01,54.26,48.12,53.12,2.3152,65.07540909090909,,15.06999969482422,46.59000015258789,4.1858744621276855
2015-11-01,52.47,44.42,46.86,2.0775,66.17385714285714,,16.1299991607666,,2.543315887451172
2015-12-01,52.21,37.72,40.5,1.9228,66.5475,,18.209999084472656,37.040000915527344,1.6160651445388794
2016-01-01,49.02,30.8,41.88,2.2744,67.40765,,20.200000762939453,33.619998931884766,1.112700581550598
2016-02-01,50.27,33.2,46.83,1.9572,68.25790476190475,,20.549999237060547,33.75,1.6425585746765137
2016-03-01,52.21,39.07,56.2,1.7017,66.94538095238096,,13.949999809265137,38.34000015258789,1.9869656562805176
2016-04-01,50.69,42.25,60.92,1.9047,66.4797619047619,,15.699999809265137,45.91999816894531,2.808244466781616
2016-05-01,51.31,47.13,55.13,1.922,66.93072727272728,,14.1899995803833,,2.145922899246216
2016-06-01,52.85,48.48,51.98,2.5666,67.2926818181818,,15.630000114440918,48.33000183105469,1.56837797164917
2016-07-01,61.24,45.07,57.26,2.7879,67.194,,11.869999885559082,41.59999847412109,2.357865810394287
2016-08-01,67.39,46.14,60.89,2.7913,66.92082608695652,,13.420000076293944,44.70000076293945,2.2201030254364014
2016-09-01,72.72,46.19,57.79,2.9689,66.73368181818182,,13.289999961853027,48.2400016784668,2.405553340911865
2016-10-01,94.2,49.73,59.09,2.9492,66.73166666666667,,17.059999465942383,46.86000061035156,2.4161500930786133
2016-11-01,103.43,46.44,73.1,2.5009,67.66449999999999,,13.329999923706056,49.43999862670898,2.739363670349121
2016-12-01,88.15,54.07,80.02,3.5818,67.85604761904763,,14.039999961853027,53.720001220703125,2.7075717449188232
2017-01-01,83.73,54.89,80.41,3.2608,68.09881818181817,,11.989999771118164,,4.604461193084717
2017-02-01,79.98,55.49,89.44,2.8233,66.98495,,12.920000076293944,54.0099983215332,4.964764595031738
2017-03-01,80.9,51.97,87.65,2.8875,65.82378260869565,,12.369999885559082,50.59999847412109,6.294706344604492
2017-04-01,83.65,52.98,70.22,3.082,64.5393888888889,,10.81999969482422,49.33000183105469,5.012451648712158
2017-05-01,74.42,50.87,62.43,3.1248,64.45072727272726,,10.40999984741211,48.31999969482422,4.20706844329834
2017-06-01,81.09,46.89,57.48,2.941,64.455,,11.18000030517578,46.040000915527344,5.208498954772949
2017-07-01,87.49,48.69,67.74,2.9614,64.45638095238095,,10.260000228881836,50.16999816894531,5.319769859313965
2017-08-01,98.58,51.37,76.07,2.8757,63.986304347826085,,10.59000015258789,47.22999954223633,6.045673370361328
2017-09-01,97.82,55.16,71.53,2.963,64.4624761904762,,9.510000228881836,51.66999816894531,5.144916534423828
2017-10-01,97.11,57.62,61.66,2.8638,65.07186363636364,,10.18000030517578,,5.722461700439453
2017-11-01,96.64,62.57,64.24,2.9913,64.85422727272727,,11.279999732971191,57.400001525878906,5.33566427230835
2017-12-01,100.81,64.21,72.25,2.7583,64.26631578947368,,11.039999961853027,60.41999816894531,5.966196537017822
2018-01-01,106.45,68.99,76.34,3.8556,63.654545454545456,,13.539999961853027,64.7300033569336,5.9079108238220215
2018-02-01,105.95,65.42,77.46,2.6708,64.4352,,19.850000381469727,61.63999938964844,6.7132954597473145
2018-03-01,96.66,66.45,70.35,2.6989,65.05547619047618,22.780000686645508,19.96999931335449,64.94000244140625,6.162242412567139
2018-04-01,93.69,71.63,65.75,2.7791,65.7028,21.5,15.93000030517578,,6.411276340484619
2018-05-01,105.29,76.65,66.1,2.7972,67.55090909090909,20.23699951171875,15.43000030517578,67.04000091552734,6.9888224601745605
2018-06-01,114.33,75.19,65.04,2.9523,67.78680952380952,22.040000915527344,16.09000015258789,74.1500015258789,6.813967704772949
2018-07-01,119.57,74.44,64.56,2.8251,68.71618181818182,24.600000381469727,12.829999923706056,,7.094791889190674
2018-08-01,117.34,73.13,67.15,2.9572,69.63973913043478,25.434999465942383,12.859999656677246,69.80000305175781,6.692101001739502
2018-09-01,114.16,78.86,68.44,2.9847,72.2296,22.940000534057617,12.119999885559082,73.25,7.656440258026123
2018-10-01,108.73,80.47,73.41,3.284,73.61882608695652,21.375,21.229999542236328,65.30999755859375,6.437766551971436
2018-11-01,100.73,65.17,73.26,4.1293,71.75222727272727,16.402000427246094,18.06999969482422,50.93000030517578,5.070737361907959
2018-12-01,101.37,56.46,69.16,3.9825,70.81636842105263,18.170000076293945,25.420000076293945,45.40999984741211,4.842898368835449
2019-01-01,98.56,59.27,76.16,3.0795,70.77518181818182,12.175000190734863,16.56999969482422,53.790000915527344,3.926243782043457
2019-02-01,95.42,64.13,88.22,2.7171,71.2342,11.039999961853027,14.779999732971191,57.220001220703125,3.9156458377838135
2019-03-01,93.12,66.41,86.47,2.935,69.50766666666667,9.359000205993652,13.710000038146973,60.13999938964844,3.486461639404297
2019-04-01,86.77,71.2,93.7,2.646,69.4093,12.385000228881836,13.119999885559082,63.90999984741211,4.604461193084717
2019-05-01,82.32,70.53,100.15,2.6279,69.80986363636363,12.25,18.709999084472656,53.5,4.053409099578857
2019-06-01,72.49,63.3,108.94,2.3965,69.42859999999999,13.149999618530272,15.079999923706056,58.470001220703125,5.113123893737793
2019-07-01,72.08,64.0,120.24,2.36,68.75165217391304,16.1200008392334,16.1200008392334,58.58000183105469,5.234992980957031
2019-08-01,65.55,59.25,93.07,2.2243,71.17454545454545,21.13500022888184,18.979999542236328,55.09999847412109,5.547607898712158
2019-09-01,65.95,62.33,93.08,2.58,71.39942857142857,19.709999084472656,16.239999771118164,,5.33566427230835
2019-10-01,69.2,59.37,88.53,2.3313,71.04082608695653,18.030000686645508,13.220000267028809,54.18000030517578,5.642982482910156
2019-11-01,66.99,62.74,84.98,2.6505,71.47028571428571,18.32999992370605,12.619999885559082,55.16999816894531,5.850447654724121
2019-12-01,66.18,65.85,92.65,2.2425,71.18384999999999,15.449999809265137,13.779999732971191,,6.286967277526856
2020-01-01,69.66,63.6,95.76,2.0305,71.28927272727273,9.81999969482422,18.84000015258789,51.560001373291016,4.311976432800293
2020-02-01,67.64,55.0,87.68,1.9158,71.51085,8.1899995803833,40.11000061035156,44.7599983215332,4.643937110900879
2020-03-01,66.74,32.98,88.99,1.7927,74.52704545454546,6.389999866485596,53.540000915527344,,3.0209693908691406
2020-04-01,58.55,23.34,84.73,1.7386,76.21775,5.539999961853027,34.150001525878906,18.84000015258789,3.037038326263428
2020-05-01,52.49,31.02,93.65,1.7525,75.673,4.650000095367432,27.51000022888184,35.4900016784668,2.7263712882995605
2020-06-01,52.21,39.93,103.3,1.6128,75.72127272727272,7.389999866485596,30.43000030517578,39.27000045776367,3.535176515579224
2020-07-01,51.56,42.81,108.52,1.7352,74.92243478260869,8.149999618530273,24.459999084472656,40.27000045776367,3.7333614826202393
2020-08-01,50.14,44.26,121.07,2.3017,74.5952380952381,8.520000457763672,26.40999984741211,42.61000061035156,3.8029935359954834
2020-09-01,54.6,41.09,123.75,1.9186,73.54577272727273,8.239999771118164,26.3700008392334,40.220001220703125,3.690510511398315
2020-10-01,58.4,40.47,119.78,2.2473,73.53513636363635,6.769999980926514,38.02000045776367,35.790000915527344,3.34234881401062
2020-11-01,64.4,43.23,124.36,2.5881,74.21657142857143,6.420000076293945,20.56999969482422,,4.397546291351318
2020-12-01,83.03,49.87,155.43,2.5387,73.63186363636363,7.699999809265137,22.75,48.52000045776367,4.729639053344727
2021-01-01,86.83,54.55,169.63,2.6655,73.12084999999999,10.34000015258789,33.09000015258789,52.20000076293945,5.683065891265869
2021-02-01,86.74,61.96,163.8,5.0651,72.8028,12.710000038146973,27.950000762939453,61.5,7.541709899902344
2021-03-01,94.92,65.19,168.18,2.5645,72.825,16.920000076293945,19.399999618530277,59.15999984741211,7.863089561462402
2021-04-01,92.22,64.77,179.83,2.61,74.64595,24.700000762939453,18.61000061035156,63.58000183105469,9.978838920593262
2021-05-01,107.04,68.04,207.72,2.8884,73.20971428571428,23.0,16.760000228881836,66.31999969482422,10.612383842468262
2021-06-01,129.97,73.07,214.43,3.2318,73.57477272727273,29.350000381469727,15.829999923706056,73.47000122070312,12.483555793762209
2021-07-01,151.97,74.39,214.14,3.8036,74.53454545454545,25.799999237060547,18.239999771118164,73.94999694824219,10.351289749145508
2021-08-01,169.58,70.02,162.16,4.0486,74.1244090909091,28.32999992370605,16.479999542236328,,12.99337387084961
2021-09-01,185.69,74.6,124.52,5.1111,73.60468181818182,36.0099983215332,23.13999938964844,75.02999877929688,13.53969383239746
2021-10-01,224.51,83.65,122.91,5.478,74.95380952380953,30.040000915527344,16.260000228881836,83.56999969482422,11.652924537658691
2021-11-01,157.48,80.77,96.24,5.0176,74.47354545454546,26.649999618530277,27.190000534057617,66.18000030517578,11.833151817321776
2021-12-01,169.65,74.31,116.96,3.7327,75.35191304347826,29.489999771118164,17.219999313354492,75.20999908447266,13.48669147491455
2022-01-01,196.95,85.53,132.53,4.3325,74.44438095238095,21.940000534057617,24.82999992370605,88.1500015258789,13.230875968933104
2022-02-01,219.78,95.76,142.84,4.6577,74.97125,21.43000030517578,30.149999618530277,95.72000122070312,17.894996643066406
2022-03-01,314.04,115.59,152.07,4.8839,76.22734782608696,24.18000030517578,20.559999465942383,100.27999877929688,18.921030044555664
2022-04-01,310.85,105.78,151.25,6.5306,76.17057894736843,21.479999542236328,33.400001525878906,104.69000244140624,17.907747268676758
2022-05-01,371.86,112.37,131.21,8.1373,77.3095,22.190000534057617,26.190000534057617,,20.85201072692871
2022-06-01,374.08,120.08,130.74,7.674,78.09490909090908,17.170000076293945,28.709999084472656,105.76000213623048,16.75603675842285
2022-07-01,402.2,108.92,108.57,7.2561,79.59604761904762,12.420000076293944,21.32999992370605,98.62000274658205,17.453369140625
2022-08-01,406.97,98.6,108.85,8.7854,79.53682608695652,7.840000152587891,25.8700008392334,89.55000305175781,14.008171081542969
2022-09-01,430.81,90.16,99.81,7.7629,80.24054545454545,9.039999961853027,31.6200008392334,79.48999786376953,12.524954795837402
2022-10-01,389.79,93.13,92.56,5.6195,82.3552380952381,7.099999904632568,25.8799991607666,86.52999877929688,12.481963157653809
2022-11-01,342.16,91.07,93.34,5.2769,81.70136363636364,7.860000133514404,20.57999992370605,80.55000305175781,14.64772605895996
2022-12-01,379.23,80.9,111.84,5.503,82.47904761904762,9.1899995803833,21.670000076293945,80.26000213623047,14.632505416870115
2023-01-01,317.99,83.09,122.23,3.2728,81.8559090909091,7.800000190734863,19.399999618530277,,17.288116455078125
2023-02-01,207.48,82.71,127.6,2.3836,82.5955,9.050000190734863,20.700000762939453,77.05000305175781,19.11680603027344
2023-03-01,187.23,78.53,128.37,2.3049,82.30652173913043,10.100000381469728,18.700000762939453,75.66999816894531,16.472749710083008
2023-04-01,194.28,84.11,117.39,2.1611,81.99833333333333,8.760000228881836,15.779999732971191,76.77999877929688,16.46494483947754
2023-05-01,160.48,75.7,105.15,2.1464,82.3240909090909,5.78000020980835,17.940000534057617,68.08999633789062,13.36070728302002
2023-06-01,139.42,74.89,113.45,2.1834,82.21090909090908,5.550000190734863,13.59000015258789,70.63999938964844,14.067316055297852
2023-07-01,140.63,80.1,114.43,2.554,82.14904761904762,4.949999809265137,13.630000114440918,81.80000305175781,14.36932373046875
2023-08-01,152.61,86.163,110.2,2.5845,82.82347826086956,4.889999866485596,13.56999969482422,83.62999725341797,14.291251182556152
2023-09-01,162.47,94.0,120.98,2.6395,83.05904761904762,5.489999771118164,17.520000457763672,90.79000091552734,15.664311408996582
2023-10-01,142.12,91.061,118.97,2.9886,83.21363636363637,5.010000228881836,18.13999938964844,,15.168709754943848
2023-11-01,126.82,83.183,131.07,2.7084,83.27818181818182,9.329999923706056,12.920000076293944,75.95999908447266,17.272991180419922
2023-12-01,141.82,77.858,137.05,2.5265,83.28210526315789,11.5600004196167,12.449999809265137,71.6500015258789,17.44826889038086
2024-01-01,124.9,80.227,135.82,3.1806,83.11363636363636,11.239999771118164,14.350000381469728,75.8499984741211,17.84221076965332
2024-02-01,124.22,83.764,124.39,1.7211,82.96904761904761,15.25,13.399999618530272,78.26000213623047,19.590320587158203
2024-03-01,131.49,85.447,109.79,1.4999,83.0135,13.859999656677246,13.010000228881836,83.16999816894531,19.951026916503903
2024-04-01,134.97,90.054,112.75,1.5967,83.39857142857143,12.710000038146973,15.649999618530272,81.93000030517578,20.32714462280273
2024-05-01,142.01,81.995,118.88,2.1314,83.38318181818182,11.9399995803833,12.920000076293944,76.98999786376953,22.634010314941406
2024-06-01,135.1,82.555,107.45,2.5123,83.4745,12.239999771118164,12.4399995803833,81.54000091552734,20.96419715881348
2024-07-01,137.55,85.296,106.85,2.0751,83.59869565217392,10.720000267028809,16.360000610351562,77.91000366210938,19.381994247436523
2024-08-01,145.76,80.863,99.91,1.9903,83.91272727272727,11.109999656677246,15.0,73.55000305175781,18.99197196960449
2024-09-01,139.2,74.293,92.83,2.2508,83.81190476190476,10.739999771118164,16.729999542236328,,21.053804397583008
2024-10-01,146.63,75.662,101.39,2.2077,84.02739130434782,7.480000019073486,23.15999984741211,69.26000213623047,16.983461380004883
2024-11-01,142.12,74.395,100.5,2.1045,84.35809523809523,6.650000095367432,13.510000228881836,68.0,15.392648696899414
2024-12-01,129.81,73.833,102.21,3.0229,84.97749999999999,6.079999923706055,17.350000381469727,,13.776652336120604
2025-01-01,118.6,79.206,99.58,4.0991,86.29,5.769999980926514,16.43000030517578,72.52999877929688,14.163690567016602
2025-02-01,106.93,75.157,105.08,4.2226,87.0445,6.400000095367432,19.6299991607666,69.76000213623047,14.40328311920166
2025-03-01,103.97,72.574,100.1,4.1281,86.52000000000001,6.25,22.280000686645508,71.4800033569336,14.424015045166016
2025-04-01,98.61,67.745,97.24,3.3998,85.5845,5.764999866485596,24.700000762939453,58.209999084472656,13.66387939453125
2025-05-01,104.41,64.206,96.97,3.1152,85.24904761904762,5.190000057220459,18.56999969482422,60.790000915527344,15.304656982421877
2025-06-01,109.03,71.45,92.33,3.022,85.94857142857143,5.550000190734863,16.729999542236328,,16.039445877075195
2025-07-01,112.9,70.951,97.26,3.1922,86.16173913043478,7.400000095367432,16.719999313354492,69.26000213623047,16.978565216064453
2025-08-01,112.15,68.203,99.74,2.9105,87.55714285714286,8.369999885559082,15.359999656677246,64.01000213623047,17.386926651000977
2025-09-01,106.32,67.951,103.28,2.9733,88.30454545454546,7.510000228881836,16.280000686645508,62.369998931884766,17.33099365234375
2025-10-01,107.5,64.651,103.53,3.1973,88.41913043478262,8.100000381469727,17.440000534057617,60.97999954223633,17.545413970947266
2025-11-01,112.6,63.609,102.48,3.7912,88.8485,8.770000457763672,16.350000381469727,58.54999923706055,18.552270889282227
2025-12-01,107.67,62.72,104.59,4.2514,90.02904761904763,8.770000457763672,14.949999809265137,57.41999816894531,18.014989852905277
